,Name,0
0,AgAu,1
1,AgCu,0
2,AgFe,0
3,AgNi,0
4,AgPd,1
5,AgPt,1
6,AgSi,0
7,AgTi,0
8,AlMn,0
9,AlCu,0
10,AlHf,0
11,AlSi,0
12,AlTa,0
13,AlTi,0
14,AlW,0
15,AlZr,0
16,AuCo,0
17,AuCu,1
18,AuNi,1
19,AuPd,1
20,AuPt,1
21,AuTi,0
22,AuV,1
23,CoCr,2
24,CoCu,0
25,CoIr,1
26,CoMn,1
27,CoMo,0
28,CoNi,1
29,CoPd,1
30,CoPt,1
31,CoRh,1
32,CoW,0
33,CrCu,0
34,CrFe,2
35,CrIr,0
36,CrMn,2
37,CrMo,2
38,CrNb,0
39,CrNi,1
40,CrPt,1
41,CrRh,0
42,CrTa,2
43,CrTi,2
44,CrV,2
45,CrW,2
46,CuFe,0
47,CuIr,0
48,CuNi,1
49,CuPd,1
50,CuPt,1
51,CuRh,1
52,CuSi,0
53,CuV,0
54,FeMn,1
55,FeMo,0
56,FeNb,0
57,FeNi,2
58,FePd,1
59,HfNb,2
60,HfTa,2
61,HfTi,2
62,HfV,0
63,HfZr,2
64,IrMo,0
65,IrNi,1
66,IrPd,1
67,IrPt,1
68,IrRh,1
69,IrRu,1
70,MnNb,0
71,MnNi,1
72,MnTa,0
73,MnV,2
74,MoNb,2
75,MoNi,0
76,MoPd,1
77,MoRh,0
78,MoRu,0
79,MoTa,2
80,MoTi,2
81,MoV,2
82,MoW,2
83,MoZr,0
84,NbTa,2
85,NbTi,2
86,NbV,2
87,NbW,2
88,NbZr,2
89,NiPd,2
90,NiPt,1
91,NiRh,1
92,NiRu,0
93,NiV,0
94,NiW,0
95,PdPt,1
96,PdRh,1
97,PdRu,0
98,PdW,0
99,PtRh,1
100,PtRu,1
101,PtTi,0
102,PtW,0
103,RhRu,1
104,RhV,0
105,RhW,0
106,RuW,0
107,TaTi,2
108,TaV,2
109,TaW,2
110,TaZr,2
111,TiV,2
112,TiW,2
113,TiZr,2
114,VW,2
115,VZr,0
116,WZr,0
117,AgAlNi,0
118,AgAlAu,0
119,AgAlFe,0
120,AgAlV,0
121,AgAsAu,0
122,AgAsCu,0
123,AgAsPd,0
124,AgAuCo,0
125,AgAuCu,0
126,AgAuFe,0
127,AgAuMo,0
128,AgAuNi,0
129,AgAuPd,1
130,AgAuPt,1
131,AgAuRh,1
132,AgAuSi,0
133,AgAuTi,0
134,AgAuV,0
135,AgCoCu,0
136,AgCoPd,1
137,AgCoPt,0
138,AgCoRh,0
139,AgCuFe,0
140,AgCuIr,0
141,AgCuMn,0
142,AgCuNi,0
143,AgCuPd,0
144,AgCuPt,0
145,AgCuRh,0
146,AgCuSi,0
147,AgCuTi,0
148,AgCuV,0
149,AgCuZr,0
150,AgFeNi,0
151,AgFePd,0
152,AgHfZr,0
153,AgIrNi,0
154,AgIrPd,1
155,AgIrPt,1
156,AgIrRh,1
157,AgNiPd,0
158,AgNiPt,0
159,AgNiRh,0
160,AgPdPt,1
161,AgPdRh,1
162,AgPdV,0
163,AgPtRh,1
164,AgPtRu,1
165,AgPtTi,0
166,AgPtV,0
167,AgTiV,0
168,AgTiZr,0
169,AlAuCu,0
170,AlAuNi,0
171,AlAuSi,0
172,AlCoCr,0
173,AlCoCu,0
174,AlCoNi,0
175,AlCrCu,0
176,AlCrMn,2
177,AlCrV,2
178,AlCrW,0
179,AlCuFe,0
180,AlCuMn,0
181,AlCuNi,0
182,AlCuSi,0
183,AlFeMn,0
184,AlHfSi,0
185,AlHfTa,0
186,AlHfTi,0
187,AlMnNi,0
188,AlMnSi,0
189,AlTaZr,0
190,AlTiV,2
191,AlTiZr,2
192,AlVW,2
193,AsAuCu,0
194,AsAuPd,0
195,AsCuPd,0
196,AuCoCu,0
197,AuCoIr,1
198,AuCoMo,0
199,AuCoNi,0
200,AuCoPd,1
201,AuCoPt,1
202,AuCoRh,1
203,AuCoV,0
204,AuCuFe,0
205,AuCuIr,1
206,AuCuNi,1
207,AuCuPd,1
208,AuCuPt,1
209,AuCuRh,1
210,AuCuSi,0
211,AuCuTi,0
212,AuCuV,0
213,AuCuW,0
214,AuFeNi,1
215,AuFePd,1
216,AuHfTi,0
217,AuIrNi,1
218,AuIrPd,1
219,AuIrPt,1
220,AuIrRh,1
221,AuMoNi,0
222,AuMoPd,1
223,AuMoRh,0
224,AuNiPd,1
225,AuNiPt,1
226,AuNiRh,1
227,AuNiV,0
228,AuPdPt,1
229,AuPdRh,1
230,AuPdTi,0
231,AuPdV,0
232,AuPdW,0
233,AuPtRh,1
234,AuPtRu,1
235,AuPtTi,0
236,AuRhV,0
237,AuRhW,0
238,AuTaTi,0
239,AuTiV,0
240,AuTiZr,0
241,CoCrCu,0
242,CoCrIr,1
243,CoCrMn,0
244,CoCrNb,0
245,CoCrNi,1
246,CoCrPd,1
247,CoCrPt,1
248,CoCrRh,1
249,CoCrW,0
250,CoCuIr,0
251,CoCuMn,0
252,CoCuNi,1
253,CoCuPd,1
254,CoCuPt,1
255,CoCuRh,1
256,CoCuV,0
257,CoFeMn,1
258,CoIrMn,1
259,CoIrMo,1
260,CoIrNi,1
261,CoIrPd,1
262,CoIrPt,1
263,CoIrRh,1
264,CoIrV,0
265,CoIrW,0
266,CoMnNi,1
267,CoMnRh,1
268,CoMoNi,0
269,CoMoPt,0
270,CoMoRh,1
271,CoNiPd,1
272,CoNiPt,1
273,CoNiRh,1
274,CoNiV,1
275,CoPdPt,1
276,CoPdRh,1
277,CoPdV,0
278,CoPdW,0
279,CoPtRh,1
280,CoPtV,0
281,CoRhV,0
282,CoRhW,0
283,CrCuFe,0
284,CrCuMo,0
285,CrCuNi,0
286,CrCuPd,0
287,CrCuPt,0
288,CrCuRh,0
289,CrCuV,0
290,CrCuW,0
291,CrFeIr,0
292,CrFeMn,2
293,CrFeMo,0
294,CrFeNb,0
295,CrFeNi,1
296,CrFeRh,0
297,CrFeTa,0
298,CrFeTi,0
299,CrFeV,2
300,CrFeW,0
301,CrHfNb,2
302,CrHfTa,0
303,CrHfTi,2
304,CrHfW,0
305,CrIrMn,0
306,CrIrNi,1
307,CrIrPd,1
308,CrIrPt,1
309,CrIrRh,1
310,CrMnMo,0
311,CrMnNb,2
312,CrMnNi,0
313,CrMnRh,0
314,CrMnTa,2
315,CrMnTi,0
316,CrMnV,2
317,CrMnW,0
318,CrMoNb,2
319,CrMoRe,0
320,CrMoTa,0
321,CrMoTc,0
322,CrMoTi,2
323,CrMoV,2
324,CrMoW,2
325,CrMoZr,0
326,CrNbTa,2
327,CrNbTi,2
328,CrNbV,2
329,CrNbW,2
330,CrNbZr,0
331,CrNiPd,1
332,CrNiPt,1
333,CrNiRh,1
334,CrPdPt,1
335,CrPdRh,1
336,CrPtRh,1
337,CrReTa,0
338,CrReW,2
339,CrTaTi,2
340,CrTaV,0
341,CrTaW,0
342,CrTaZr,0
343,CrTcW,2
344,CrTiV,2
345,CrTiW,0
346,CrTiZr,0
347,CrVW,0
348,CrWZr,0
349,CuFeMn,0
350,CuFeNi,1
351,CuFePd,0
352,CuFeRh,0
353,CuFeV,0
354,CuHfTi,0
355,CuHfZr,0
356,CuIrMn,0
357,CuIrNi,1
358,CuIrPd,1
359,CuIrPt,1
360,CuIrRh,1
361,CuMnNi,1
362,CuNiPd,1
363,CuNiPt,1
364,CuNiRh,1
365,CuNiSi,0
366,CuNiV,0
367,CuPdPt,1
368,CuPdRh,1
369,CuPdTi,0
370,CuPdV,0
371,CuPtRh,1
372,CuPtRu,1
373,CuPtTi,0
374,CuPtV,0
375,CuRhV,0
376,CuTaTi,0
377,CuTaV,0
378,CuTiV,0
379,CuTiZr,0
380,CuVW,0
381,FeIrMn,1
382,FeIrMo,0
383,FeIrNi,1
384,FeIrRh,1
385,FeIrRu,1
386,FeMnMo,0
387,FeMnNb,0
388,FeMnNi,1
389,FeMnRh,1
390,FeMnTa,0
391,FeMnTi,0
392,FeMnV,2
393,FeMoNb,0
394,FeMoNi,0
395,FeMoPd,1
396,FeMoRh,0
397,FeMoTa,0
398,FeMoTi,0
399,FeMoV,2
400,FeMoW,0
401,FeNbTa,0
402,FeNbTi,0
403,FeNbV,0
404,FeNiRh,1
405,FeTaTi,0
406,FeTaV,0
407,FeTaW,0
408,FeTiV,0
409,FeVW,0
410,HfMoNb,2
411,HfMoRe,0
412,HfMoTa,0
413,HfMoTi,2
414,HfMoV,2
415,HfMoW,0
416,HfMoZr,2
417,HfNbTa,2
418,HfNbTi,2
419,HfNbV,2
420,HfNbW,2
421,HfNbZr,2
422,HfReTa,2
423,HfTaTc,0
424,HfTaTi,2
425,HfTaV,2
426,HfTaW,2
427,HfTaZr,2
428,HfTiV,2
429,HfTiW,0
430,HfTiZr,2
431,HfVW,2
432,HfVZr,2
433,HfWZr,0
434,IrMnNi,1
435,IrMnRh,1
436,IrMoNi,0
437,IrMoPd,1
438,IrMoPt,1
439,IrNbPd,0
440,IrNiPd,1
441,IrNiPt,1
442,IrNiRh,1
443,IrNiRu,1
444,IrNiW,0
445,IrOsPt,1
446,IrPdPt,1
447,IrPdRh,1
448,IrPdRu,1
449,IrPdV,1
450,IrPdW,0
451,IrPtRe,1
452,IrPtRh,1
453,IrPtRu,1
454,IrPtTc,1
455,IrRhV,1
456,MnMoNb,2
457,MnMoTa,0
458,MnMoTi,0
459,MnMoV,2
460,MnMoW,0
461,MnNbTa,0
462,MnNbTi,2
463,MnNbV,2
464,MnNbW,0
465,MnTaTi,2
466,MnTaV,2
467,MnTaW,0
468,MnTiV,2
469,MnTiW,0
470,MnVW,2
471,MoNbRe,2
472,MoNbTa,2
473,MoNbTc,2
474,MoNbTi,2
475,MoNbV,2
476,MoNbW,2
477,MoNbZr,2
478,MoNiPd,0
479,MoNiPt,0
480,MoNiRh,0
481,MoPdPt,1
482,MoPdRh,1
483,MoReTa,2
484,MoReTi,2
485,MoReV,2
486,MoReW,2
487,MoTaTc,2
488,MoTaTi,2
489,MoTaV,2
490,MoTaW,2
491,MoTaZr,2
492,MoTcTi,2
493,MoTcV,2
494,MoTcW,2
495,MoTiV,2
496,MoTiW,2
497,MoTiZr,2
498,MoVW,2
499,MoVZr,2
500,MoWZr,0
501,NbPdRh,0
502,NbReTa,2
503,NbReTi,2
504,NbReV,2
505,NbReW,2
506,NbReZr,2
507,NbTaTc,2
508,NbTaTi,2
509,NbTaV,2
510,NbTaW,2
511,NbTaZr,2
512,NbTcV,2
513,NbTcW,2
514,NbTiV,2
515,NbTiW,2
516,NbTiZr,2
517,NbVW,2
518,NbVZr,2
519,NbWZr,2
520,NiPdPt,1
521,NiPdRh,1
522,NiPdV,0
523,NiPtRh,1
524,NiPtRu,1
525,NiPtV,1
526,NiRhV,1
527,NiRhW,0
528,PdPtRh,1
529,PdPtRu,1
530,PdPtTi,0
531,PdRhV,1
532,PdRhW,0
533,PdRuW,0
534,PdTiV,0
535,PtRhRu,1
536,PtRhV,1
537,PtRhW,0
538,ReTaTi,2
539,ReTaV,2
540,ReTaW,2
541,ReTaZr,0
542,ReTiW,2
543,ReVW,2
544,TaTcTi,2
545,TaTcV,2
546,TaTcW,2
547,TaTiV,2
548,TaTiW,2
549,TaTiZr,2
550,TaVW,2
551,TaVZr,2
552,TaWZr,2
553,TcTiW,2
554,TcVW,2
555,TiVZr,0
556,TiWZr,2
557,VWZr,2
558,AgAlAuCo,0
559,AgAlAuCu,0
560,AgAlAuFe,0
561,AgAlAuNi,0
562,AgAlAuSi,0
563,AgAlAuZr,0
564,AgAlCoCu,0
565,AgAlCoNi,0
566,AgAlCuFe,0
567,AgAlCuMn,0
568,AgAlCuNi,0
569,AgAlCuSi,0
570,AgAlCuZr,0
571,AgAlFeNi,0
572,AgAlNiSi,0
573,AgAuCoCr,0
574,AgAuCoCu,0
575,AgAuCoIr,0
576,AgAuCoMo,0
577,AgAuCoNi,0
578,AgAuCoPd,1
579,AgAuCoPt,0
580,AgAuCoRe,0
581,AgAuCoRh,0
582,AgAuCoRu,0
583,AgAuCrCu,0
584,AgAuCrNi,0
585,AgAuCuFe,0
586,AgAuCuIr,1
587,AgAuCuNi,0
588,AgAuCuPd,1
589,AgAuCuPt,1
590,AgAuCuRh,0
591,AgAuCuRu,1
592,AgAuCuSi,0
593,AgAuCuZr,0
594,AgAuFeMo,0
595,AgAuFeNi,0
596,AgAuFePd,0
597,AgAuFeRh,0
598,AgAuIrMo,0
599,AgAuIrNi,0
600,AgAuIrPd,1
601,AgAuIrPt,1
602,AgAuIrRh,1
603,AgAuIrRu,1
604,AgAuMoNi,0
605,AgAuMoPd,1
606,AgAuMoRh,0
607,AgAuNbRh,0
608,AgAuNiPd,0
609,AgAuNiPt,0
610,AgAuNiRe,0
611,AgAuNiRh,0
612,AgAuNiRu,0
613,AgAuNiSi,0
614,AgAuPdPt,1
615,AgAuPdRe,1
616,AgAuPdRh,1
617,AgAuPdRu,1
618,AgAuPtRh,1
619,AgAuPtRu,1
620,AgAuRhRu,1
621,AgCoCrCu,0
622,AgCoCrNi,0
623,AgCoCrOs,0
624,AgCoCrPd,0
625,AgCoCrPt,0
626,AgCoCrRh,0
627,AgCoCrRu,0
628,AgCoCuFe,0
629,AgCoCuPd,0
630,AgCoCuPt,0
631,AgCoIrMo,0
632,AgCoIrPd,1
633,AgCoIrPt,0
634,AgCoMoNi,0
635,AgCoMoOs,0
636,AgCoMoPd,0
637,AgCoMoPt,0
638,AgCoMoRe,0
639,AgCoMoRh,0
640,AgCoMoRu,0
641,AgCoNiPd,0
642,AgCoNiPt,0
643,AgCoOsPd,0
644,AgCoOsPt,0
645,AgCoPdPt,1
646,AgCoPdRe,0
647,AgCoPdRh,1
648,AgCoPdRu,0
649,AgCoPtRe,0
650,AgCoPtRh,0
651,AgCoPtRu,0
652,AgCrCuFe,0
653,AgCrCuNi,0
654,AgCrCuPd,0
655,AgCrCuPt,0
656,AgCrCuRh,0
657,AgCrCuRu,0
658,AgCrFeNi,0
659,AgCrIrNi,0
660,AgCrIrPd,1
661,AgCrIrRh,0
662,AgCrIrRu,0
663,AgCrNiOs,0
664,AgCrNiPd,0
665,AgCrNiPt,0
666,AgCrNiRh,0
667,AgCrNiRu,0
668,AgCrOsPt,0
669,AgCrPdPt,1
670,AgCrPdRh,1
671,AgCrPdRu,0
672,AgCrPtRh,0
673,AgCrPtRu,0
674,AgCrRhRu,0
675,AgCuFeIr,0
676,AgCuFeNi,0
677,AgCuFeOs,0
678,AgCuFePd,0
679,AgCuFeRe,0
680,AgCuFeRh,0
681,AgCuFeRu,0
682,AgCuIrPd,0
683,AgCuIrPt,0
684,AgCuNbPd,0
685,AgCuNiPd,0
686,AgCuNiPt,0
687,AgCuNiSi,0
688,AgCuPdPt,1
689,AgCuPdRe,0
690,AgCuPdRh,0
691,AgCuPdRu,0
692,AgCuPtRe,0
693,AgCuPtRh,1
694,AgCuPtRu,0
695,AgFeIrNi,0
696,AgFeIrRu,0
697,AgFeMoNi,0
698,AgFeMoOs,0
699,AgFeMoPd,0
700,AgFeMoRe,0
701,AgFeMoRh,0
702,AgFeMoRu,0
703,AgFeNiOs,0
704,AgFeNiPd,0
705,AgFeNiRe,0
706,AgFeNiRh,0
707,AgFeNiRu,0
708,AgFeOsPd,0
709,AgFeOsRe,0
710,AgFeOsRh,0
711,AgFeOsRu,0
712,AgFePdRe,0
713,AgFePdRh,0
714,AgFePdRu,0
715,AgFeReRu,0
716,AgFeRhRu,0
717,AgIrMoNi,0
718,AgIrMoPd,0
719,AgIrMoRh,1
720,AgIrNbPt,0
721,AgIrNiPd,1
722,AgIrNiPt,0
723,AgIrOsPd,1
724,AgIrOsPt,1
725,AgIrPdPt,1
726,AgIrPdRe,0
727,AgIrPdRh,1
728,AgIrPdRu,0
729,AgIrPtRe,0
730,AgIrPtRh,1
731,AgIrPtRu,1
732,AgMoNiOs,0
733,AgMoNiPd,0
734,AgMoNiPt,0
735,AgMoNiRe,0
736,AgMoNiRh,0
737,AgMoNiRu,0
738,AgMoOsPd,0
739,AgMoOsRe,0
740,AgMoOsRh,1
741,AgMoPdPt,0
742,AgMoPdRe,0
743,AgMoPdRh,0
744,AgMoPdRu,0
745,AgMoPtRe,0
746,AgMoPtRh,0
747,AgMoPtRu,0
748,AgMoReRh,0
749,AgMoRhRu,1
750,AgNbPdPt,0
751,AgNbPdRh,0
752,AgNbPtRh,0
753,AgNiOsPd,0
754,AgNiOsPt,0
755,AgNiPdPt,1
756,AgNiPdRe,0
757,AgNiPdRh,1
758,AgNiPdRu,0
759,AgNiPtRe,0
760,AgNiPtRh,0
761,AgNiPtRu,0
762,AgOsPdPt,1
763,AgOsPdRe,0
764,AgOsPdRh,1
765,AgOsPdRu,0
766,AgOsPtRe,0
767,AgOsPtRh,1
768,AgOsPtRu,1
769,AgPdPtRe,0
770,AgPdPtRh,1
771,AgPdPtRu,1
772,AgPdReRh,0
773,AgPdReRu,0
774,AgPdRhRu,0
775,AgPtReRh,0
776,AgPtReRu,0
777,AgPtRhRu,0
778,AlNbTiV,2
779,AlNbVW,2
780,AlCoCrCu,0
781,AlCrCuFe,0
782,AlCrFeMn,2
783,AlCrFeMo,2
784,AlCrFeNi,0
785,AlCrFeRe,0
786,AlCrFeTi,2
787,AlCrFeV,2
788,AlCrFeW,0
789,AlCrHfTi,2
790,AlCrHfW,0
791,AlCrMnMo,2
792,AlCrMnRe,0
793,AlCrMnTi,2
794,AlCrMnV,2
795,AlCrMnW,0
796,AlCrMoRe,2
797,AlCrMoTi,2
798,AlCrMoV,2
799,AlCrMoW,2
800,AlCrNbV,2
801,AlCrReTi,0
802,AlCrReV,0
803,AlCrReW,2
804,AlCrTiV,2
805,AlCrTiW,2
806,AlCrVW,2
807,AlCuFeMn,0
808,AlCuFeNi,0
809,AlCuFeV,0
810,AlFeMnRe,0
811,AlFeMnTi,0
812,AlFeMnV,2
813,AlFeTiV,2
814,AlHfTiV,2
815,AlHfTiW,0
816,AlHfVW,0
817,AlMnMoRe,0
818,AlMnReW,0
819,AlMnTiV,2
820,AlMnVW,0
821,AlMoTiV,2
822,AlMoVW,2
823,AlReVW,2
824,AlTiVW,2
825,AuCoCrPd,1
826,AuCoCrPt,0
827,AuCoCuPd,0
828,AuCoCuPt,0
829,AuCoIrPd,1
830,AuCoIrPt,1
831,AuCoMoPd,1
832,AuCoMoPt,0
833,AuCoNiPd,1
834,AuCoNiPt,1
835,AuCoOsPd,0
836,AuCoOsPt,0
837,AuCoPdPt,1
838,AuCoPdRe,0
839,AuCoPdRh,1
840,AuCoPdRu,0
841,AuCoPtRe,0
842,AuCoPtRh,1
843,AuCoPtRu,0
844,AuCrCuPd,1
845,AuCrCuPt,0
846,AuCrIrPd,1
847,AuCrIrPt,1
848,AuCrNiPd,1
849,AuCrNiPt,0
850,AuCrOsPt,0
851,AuCrPdPt,1
852,AuCrPdRh,1
853,AuCrPdRu,0
854,AuCrPtRh,0
855,AuCrPtRu,0
856,AuCuFePd,0
857,AuCuIrPd,1
858,AuCuIrPt,1
859,AuCuNiPd,1
860,AuCuNiPt,1
861,AuCuOsPt,1
862,AuCuPdPt,1
863,AuCuPdRe,0
864,AuCuPdRh,1
865,AuCuPdRu,1
866,AuCuPtRe,0
867,AuCuPtRh,1
868,AuCuPtRu,1
869,AuFeMoPd,0
870,AuFeNiPd,1
871,AuFeOsPd,1
872,AuFePdRe,0
873,AuFePdRh,1
874,AuFePdRu,1
875,AuIrMoPd,1
876,AuIrNiPd,1
877,AuIrNiPt,1
878,AuIrOsPd,1
879,AuIrOsPt,1
880,AuIrPdPt,1
881,AuIrPdRe,1
882,AuIrPdRh,1
883,AuIrPdRu,1
884,AuIrPtRe,1
885,AuIrPtRh,1
886,AuIrPtRu,1
887,AuMoNiPd,0
888,AuMoNiPt,1
889,AuMoOsPd,1
890,AuMoPdPt,1
891,AuMoPdRe,0
892,AuMoPdRh,1
893,AuMoPdRu,1
894,AuMoPtRe,0
895,AuMoPtRh,1
896,AuMoPtRu,0
897,AuNbPdRh,0
898,AuNbPtRh,0
899,AuNiOsPd,0
900,AuNiOsPt,0
901,AuNiPdPt,1
902,AuNiPdRe,0
903,AuNiPdRh,1
904,AuNiPdRu,0
905,AuNiPtRe,0
906,AuNiPtRh,1
907,AuNiPtRu,0
908,AuOsPdPt,1
909,AuOsPdRe,0
910,AuOsPdRh,1
911,AuOsPtRh,1
912,AuOsPtRu,1
913,AuPdPtRe,1
914,AuPdPtRh,1
915,AuPdPtRu,1
916,AuPdReRh,1
917,AuPdReRu,0
918,AuPdRhRu,1
919,AuPtReRh,1
920,AuPtReRu,1
921,AuPtRhRu,1
922,CoCrCuNi,0
923,CoCrCuPd,0
924,CoCrCuPt,0
925,CoCrFeNi,1
926,CoCrIrPd,1
927,CoCrIrPt,1
928,CoCrMnMo,0
929,CoCrMnNb,0
930,CoCrMnNi,1
931,CoCrMoNb,0
932,CoCrMoW,0
933,CoCrNbW,0
934,CoCrNiPd,1
935,CoCrNiPt,1
936,CoCrOsPd,0
937,CoCrOsPt,0
938,CoCrPdPt,1
939,CoCrPdRh,1
940,CoCrPdRu,0
941,CoCrPtRh,1
942,CoCrPtRu,0
943,CoCuIrPd,1
944,CoCuIrPt,1
945,CoCuNiPd,1
946,CoCuNiPt,1
947,CoCuOsPd,0
948,CoCuOsPt,0
949,CoCuPdPt,1
950,CoCuPdRe,0
951,CoCuPdRh,1
952,CoCuPdRu,0
953,CoCuPtRe,0
954,CoCuPtRh,1
955,CoCuPtRu,1
956,CoFeMnNi,1
957,CoIrMoPd,1
958,CoIrMoPt,1
959,CoIrNiPd,1
960,CoIrNiPt,1
961,CoIrOsPd,0
962,CoIrOsPt,1
963,CoIrPdPt,1
964,CoIrPdRe,0
965,CoIrPdRh,1
966,CoIrPdRu,0
967,CoIrPtRe,1
968,CoIrPtRh,1
969,CoIrPtRu,1
970,CoMoNbW,0
971,CoMoNiPd,1
972,CoMoNiPt,1
973,CoMoOsPd,0
974,CoMoOsPt,0
975,CoMoPdPt,1
976,CoMoPdRe,0
977,CoMoPdRh,1
978,CoMoPdRu,0
979,CoMoPtRe,0
980,CoMoPtRh,1
981,CoMoPtRu,0
982,CoNiOsPd,0
983,CoNiOsPt,0
984,CoNiPdPt,1
985,CoNiPdRe,0
986,CoNiPdRh,1
987,CoNiPdRu,0
988,CoNiPtRe,0
989,CoNiPtRh,1
990,CoNiPtRu,1
991,CoOsPdPt,0
992,CoOsPdRe,0
993,CoOsPdRh,0
994,CoOsPdRu,0
995,CoOsPtRe,0
996,CoOsPtRh,0
997,CoOsPtRu,0
998,CoPdPtRe,0
999,CoPdPtRh,1
1000,CoPdPtRu,1
1001,CoPdReRh,0
1002,CoPdReRu,0
1003,CoPdRhRu,0
1004,CoPtReRh,0
1005,CoPtReRu,0
1006,CoPtRhRu,1
1007,CrCuFeMn,0
1008,CrCuFeMo,0
1009,CrCuFeNb,0
1010,CrCuFeNi,0
1011,CrCuFePd,0
1012,CrCuFeV,0
1013,CrCuFeW,0
1014,CrCuIrPd,1
1015,CrCuIrPt,0
1016,CrCuMnV,0
1017,CrCuMnW,0
1018,CrCuMoTa,0
1019,CrCuMoTi,0
1020,CrCuMoV,0
1021,CrCuMoW,0
1022,CrCuNbTa,0
1023,CrCuNbTi,0
1024,CrCuNbV,0
1025,CrCuNbW,0
1026,CrCuNiPd,0
1027,CrCuNiPt,1
1028,CrCuOsPd,0
1029,CrCuOsPt,0
1030,CrCuPdPt,1
1031,CrCuPdRh,1
1032,CrCuPdRu,0
1033,CrCuPtRh,1
1034,CrCuPtRu,0
1035,CrCuTaTi,0
1036,CrCuTaV,0
1037,CrCuTaW,0
1038,CrCuTiV,0
1039,CrCuTiW,0
1040,CrCuVW,0
1041,CrFeMnMo,2
1042,CrFeMnNb,0
1043,CrFeMnNi,1
1044,CrFeMnRe,0
1045,CrFeMnTa,0
1046,CrFeMnTi,0
1047,CrFeMnV,2
1048,CrFeMnW,0
1049,CrFeMoNb,0
1050,CrFeMoNi,0
1051,CrFeMoRe,0
1052,CrFeMoTa,0
1053,CrFeMoTi,2
1054,CrFeMoV,2
1055,CrFeMoW,0
1056,CrFeNbRe,0
1057,CrFeNbTa,0
1058,CrFeNbTi,0
1059,CrFeNbV,0
1060,CrFeNbW,0
1061,CrFeNiPd,1
1062,CrFeNiRe,0
1063,CrFeNiV,0
1064,CrFeOsPd,0
1065,CrFePdRu,0
1066,CrFeReTa,0
1067,CrFeReTi,0
1068,CrFeReV,0
1069,CrFeReW,0
1070,CrFeTaTi,0
1071,CrFeTaV,0
1072,CrFeTaW,0
1073,CrFeTiV,0
1074,CrFeTiW,0
1075,CrFeVW,0
1076,CrHfMoNb,2
1077,CrHfMoRe,0
1078,CrHfMoTa,0
1079,CrHfMoTi,2
1080,CrHfMoV,2
1081,CrHfMoW,0
1082,CrHfMoZr,0
1083,CrHfNbRe,0
1084,CrHfNbTa,2
1085,CrHfNbTi,2
1086,CrHfNbV,2
1087,CrHfNbW,0
1088,CrHfNbZr,0
1089,CrHfReTa,0
1090,CrHfReTi,0
1091,CrHfReV,0
1092,CrHfReW,0
1093,CrHfReZr,0
1094,CrHfTaTi,2
1095,CrHfTaV,0
1096,CrHfTaW,0
1097,CrHfTaZr,0
1098,CrHfTiV,2
1099,CrHfTiW,0
1100,CrHfTiZr,2
1101,CrHfVW,0
1102,CrHfVZr,2
1103,CrHfWZr,0
1104,CrIrNiPd,1
1105,CrIrNiPt,1
1106,CrIrOsPd,0
1107,CrIrOsPt,0
1108,CrIrPdPt,1
1109,CrIrPdRh,1
1110,CrIrPdRu,0
1111,CrIrPtRh,1
1112,CrIrPtRu,0
1113,CrMnMoNb,2
1114,CrMnMoNi,0
1115,CrMnMoRe,0
1116,CrMnMoTa,2
1117,CrMnMoTi,0
1118,CrMnMoV,2
1119,CrMnMoW,0
1120,CrMnMoZr,0
1121,CrMnNbNi,0
1122,CrMnNbRe,0
1123,CrMnNbTa,2
1124,CrMnNbTi,2
1125,CrMnNbV,2
1126,CrMnNbW,0
1127,CrMnNbZr,0
1128,CrMnNiRe,0
1129,CrMnNiV,0
1130,CrMnReTa,0
1131,CrMnReTi,0
1132,CrMnReV,0
1133,CrMnReW,0
1134,CrMnReZr,0
1135,CrMnTaTi,2
1136,CrMnTaV,2
1137,CrMnTaW,0
1138,CrMnTaZr,0
1139,CrMnTiV,0
1140,CrMnTiW,0
1141,CrMnTiZr,0
1142,CrMnVW,0
1143,CrMnWZr,0
1144,CrMoNbNi,0
1145,CrMoNbRe,2
1146,CrMoNbTa,0
1147,CrMoNbTi,2
1148,CrMoNbV,0
1149,CrMoNbW,0
1150,CrMoNbZr,0
1151,CrMoNiRe,0
1152,CrMoReTa,0
1153,CrMoReTi,2
1154,CrMoReV,2
1155,CrMoReW,2
1156,CrMoReZr,0
1157,CrMoTaTi,2
1158,CrMoTaV,2
1159,CrMoTaW,0
1160,CrMoTaZr,0
1161,CrMoTiV,2
1162,CrMoTiW,2
1163,CrMoTiZr,2
1164,CrMoVW,2
1165,CrMoVZr,0
1166,CrMoWZr,0
1167,CrNbNiV,0
1168,CrNbReTa,2
1169,CrNbReTi,2
1170,CrNbReV,2
1171,CrNbReW,2
1172,CrNbReZr,0
1173,CrNbTaTi,2
1174,CrNbTaV,2
1175,CrNbTaW,0
1176,CrNbTaZr,0
1177,CrNbTiV,2
1178,CrNbTiW,2
1179,CrNbTiZr,0
1180,CrNbVW,2
1181,CrNbVZr,0
1182,CrNbWZr,0
1183,CrNiOsPd,0
1184,CrNiOsPt,0
1185,CrNiPdPt,1
1186,CrNiPdRh,1
1187,CrNiPdRu,0
1188,CrNiPtRh,1
1189,CrNiPtRu,0
1190,CrNiReV,0
1191,CrOsPdPt,0
1192,CrOsPdRh,0
1193,CrOsPdRu,0
1194,CrOsPtRh,0
1195,CrOsPtRu,1
1196,CrPdPtRh,1
1197,CrPdPtRu,0
1198,CrPdRhRu,0
1199,CrPtRhRu,0
1200,CrReTaTi,2
1201,CrReTaV,2
1202,CrReTaW,2
1203,CrReTaZr,0
1204,CrReTiV,0
1205,CrReTiW,2
1206,CrReTiZr,0
1207,CrReVW,2
1208,CrReVZr,0
1209,CrReWZr,0
1210,CrTaTiV,2
1211,CrTaTiW,2
1212,CrTaTiZr,0
1213,CrTaVW,0
1214,CrTaVZr,0
1215,CrTaWZr,0
1216,CrTiVW,2
1217,CrTiVZr,0
1218,CrTiWZr,0
1219,CrVWZr,0
1220,CuFeIrPd,1
1221,CuFeMnNb,0
1222,CuFeMnTa,0
1223,CuFeMnTi,0
1224,CuFeMnV,0
1225,CuFeMoTi,0
1226,CuFeMoV,0
1227,CuFeNbTa,0
1228,CuFeNbTi,0
1229,CuFeNbV,0
1230,CuFeNiPd,1
1231,CuFeNiV,0
1232,CuFeOsPd,0
1233,CuFePdRe,0
1234,CuFePdRh,1
1235,CuFePdRu,0
1236,CuFeTaV,0
1237,CuFeTiV,0
1238,CuFeVW,0
1239,CuIrNiPd,1
1240,CuIrNiPt,1
1241,CuIrOsPd,0
1242,CuIrOsPt,1
1243,CuIrPdPt,1
1244,CuIrPdRe,0
1245,CuIrPdRh,1
1246,CuIrPdRu,0
1247,CuIrPtRe,1
1248,CuIrPtRh,1
1249,CuIrPtRu,1
1250,CuMnMoTa,0
1251,CuMnMoV,0
1252,CuMnMoW,0
1253,CuMnNbTa,0
1254,CuMnNbV,0
1255,CuMnTaV,0
1256,CuMnTaW,0
1257,CuMnTiV,0
1258,CuMnVW,0
1259,CuMoNbTa,0
1260,CuMoNbV,0
1261,CuMoNbW,0
1262,CuMoTaTi,0
1263,CuMoTaW,0
1264,CuMoTiV,0
1265,CuMoVW,0
1266,CuNbPdPt,0
1267,CuNbPdRh,0
1268,CuNbPtRh,0
1269,CuNbTaTi,0
1270,CuNbTaV,0
1271,CuNbTaW,0
1272,CuNbTiV,0
1273,CuNbVW,0
1274,CuNiOsPd,0
1275,CuNiOsPt,0
1276,CuNiPdPt,1
1277,CuNiPdRe,0
1278,CuNiPdRh,1
1279,CuNiPdRu,0
1280,CuNiPtRe,0
1281,CuNiPtRh,1
1282,CuNiPtRu,1
1283,CuOsPdPt,1
1284,CuOsPdRe,0
1285,CuOsPdRh,1
1286,CuOsPdRu,0
1287,CuOsPtRe,0
1288,CuOsPtRh,1
1289,CuOsPtRu,1
1290,CuPdPtRe,0
1291,CuPdPtRh,1
1292,CuPdPtRu,1
1293,CuPdReRh,0
1294,CuPdReRu,0
1295,CuPdRhRu,0
1296,CuPtReRh,0
1297,CuPtReRu,0
1298,CuPtRhRu,1
1299,CuTaTiV,2
1300,CuTaTiW,0
1301,CuTaVW,0
1302,CuTiVW,0
1303,FeIrMoPd,1
1304,FeIrNiPd,1
1305,FeIrOsPd,0
1306,FeIrPdRe,0
1307,FeIrPdRu,0
1308,FeMnMoNb,0
1309,FeMnMoRe,0
1310,FeMnMoTa,0
1311,FeMnMoTi,0
1312,FeMnMoV,2
1313,FeMnMoW,0
1314,FeMnNbRe,0
1315,FeMnNbTa,0
1316,FeMnNbTi,0
1317,FeMnNbV,0
1318,FeMnNbW,0
1319,FeMnReTa,0
1320,FeMnReTi,0
1321,FeMnReV,0
1322,FeMnReW,0
1323,FeMnTaTi,0
1324,FeMnTaV,0
1325,FeMnTaW,0
1326,FeMnTiV,0
1327,FeMnTiW,0
1328,FeMnVW,0
1329,FeMoNbRe,2
1330,FeMoNbTa,0
1331,FeMoNbTi,0
1332,FeMoNbV,2
1333,FeMoNbW,0
1334,FeMoNiPd,1
1335,FeMoNiV,0
1336,FeMoOsPd,0
1337,FeMoPdRe,0
1338,FeMoPdRh,1
1339,FeMoPdRu,0
1340,FeMoReTa,0
1341,FeMoReTi,0
1342,FeMoReV,0
1343,FeMoReW,0
1344,FeMoTaTi,0
1345,FeMoTaV,0
1346,FeMoTaW,0
1347,FeMoTiV,2
1348,FeMoTiW,0
1349,FeMoVW,0
1350,FeNbReTa,0
1351,FeNbReTi,0
1352,FeNbReV,2
1353,FeNbReW,0
1354,FeNbTaTi,0
1355,FeNbTaV,0
1356,FeNbTaW,0
1357,FeNbTiV,0
1358,FeNbTiW,0
1359,FeNbVW,0
1360,FeNiOsPd,0
1361,FeNiPdRe,0
1362,FeNiPdRh,1
1363,FeNiPdRu,0
1364,FeOsPdRe,0
1365,FeOsPdRh,0
1366,FeOsPdRu,0
1367,FePdReRh,0
1368,FePdReRu,0
1369,FePdRhRu,0
1370,FeReTaTi,0
1371,FeReTaV,0
1372,FeReTiV,0
1373,FeReVW,0
1374,FeTaTiV,0
1375,FeTaTiW,0
1376,FeTaVW,0
1377,FeTiVW,0
1378,HfMoNbRe,2
1379,HfMoNbTa,2
1380,HfMoNbTi,2
1381,HfMoNbV,2
1382,HfMoNbW,2
1383,HfMoNbZr,2
1384,HfMoReTa,0
1385,HfMoReTi,2
1386,HfMoReV,2
1387,HfMoReW,0
1388,HfMoReZr,0
1389,HfMoTaTi,2
1390,HfMoTaV,0
1391,HfMoTaW,2
1392,HfMoTaZr,2
1393,HfMoTiV,2
1394,HfMoTiW,2
1395,HfMoTiZr,2
1396,HfMoVW,0
1397,HfMoVZr,0
1398,HfMoWZr,0
1399,HfNbReTa,2
1400,HfNbReTi,2
1401,HfNbReV,2
1402,HfNbReW,2
1403,HfNbReZr,0
1404,HfNbTaTi,2
1405,HfNbTaV,2
1406,HfNbTaW,2
1407,HfNbTaZr,2
1408,HfNbTiV,2
1409,HfNbTiW,2
1410,HfNbTiZr,2
1411,HfNbVW,0
1412,HfNbVZr,2
1413,HfNbWZr,2
1414,HfReTaTi,2
1415,HfReTaV,2
1416,HfReTaW,0
1417,HfReTaZr,0
1418,HfReTiV,0
1419,HfReTiW,0
1420,HfReTiZr,0
1421,HfReVW,2
1422,HfReVZr,0
1423,HfReWZr,0
1424,HfTaTiV,2
1425,HfTaTiW,2
1426,HfTaTiZr,2
1427,HfTaVW,2
1428,HfTaVZr,2
1429,HfTaWZr,2
1430,HfTiVW,2
1431,HfTiVZr,2
1432,HfTiWZr,0
1433,HfVWZr,0
1434,IrMoNiPd,1
1435,IrMoNiPt,1
1436,IrMoOsPd,0
1437,IrMoOsPt,0
1438,IrMoPdPt,1
1439,IrMoPdRe,0
1440,IrMoPdRh,1
1441,IrMoPdRu,0
1442,IrMoPtRe,0
1443,IrMoPtRh,1
1444,IrMoPtRu,1
1445,IrNbPdPt,0
1446,IrNbPdRh,1
1447,IrNbPdRu,0
1448,IrNbPtRh,0
1449,IrNbPtRu,1
1450,IrNiOsPd,0
1451,IrNiOsPt,1
1452,IrNiPdPt,1
1453,IrNiPdRe,0
1454,IrNiPdRh,1
1455,IrNiPdRu,1
1456,IrNiPtRe,1
1457,IrNiPtRh,1
1458,IrNiPtRu,1
1459,IrOsPdPt,1
1460,IrOsPdRe,0
1461,IrOsPdRh,1
1462,IrOsPdRu,0
1463,IrOsPtRe,0
1464,IrOsPtRh,1
1465,IrOsPtRu,1
1466,IrPdPtRe,1
1467,IrPdPtRh,1
1468,IrPdPtRu,1
1469,IrPdReRh,1
1470,IrPdReRu,0
1471,IrPdRhRu,1
1472,IrPtReRh,1
1473,IrPtReRu,1
1474,IrPtRhRu,1
1475,MnMoNbRe,0
1476,MnMoNbTa,2
1477,MnMoNbTi,2
1478,MnMoNbV,2
1479,MnMoNbW,0
1480,MnMoNbZr,0
1481,MnMoNiV,0
1482,MnMoReTa,0
1483,MnMoReTi,0
1484,MnMoReV,2
1485,MnMoReW,0
1486,MnMoReZr,0
1487,MnMoTaTi,2
1488,MnMoTaV,2
1489,MnMoTaW,0
1490,MnMoTaZr,0
1491,MnMoTiV,2
1492,MnMoTiW,0
1493,MnMoTiZr,0
1494,MnMoVW,2
1495,MnMoVZr,0
1496,MnMoWZr,0
1497,MnNbNiV,0
1498,MnNbReTa,0
1499,MnNbReTi,2
1500,MnNbReV,2
1501,MnNbReW,2
1502,MnNbReZr,2
1503,MnNbTaTi,2
1504,MnNbTaV,2
1505,MnNbTaW,0
1506,MnNbTaZr,0
1507,MnNbTiV,2
1508,MnNbTiW,0
1509,MnNbTiZr,0
1510,MnNbVW,2
1511,MnNbVZr,0
1512,MnNbWZr,0
1513,MnNiOsPd,0
1514,MnNiPdRe,0
1515,MnNiPdRu,0
1516,MnOsPdRe,0
1517,MnOsPdRu,0
1518,MnPdReRu,0
1519,MnReTaTi,2
1520,MnReTaV,2
1521,MnReTaW,0
1522,MnReTaZr,0
1523,MnReTiV,0
1524,MnReTiW,0
1525,MnReTiZr,0
1526,MnReVW,0
1527,MnReVZr,0
1528,MnReWZr,0
1529,MnTaTiV,2
1530,MnTaTiW,0
1531,MnTaVW,0
1532,MnTaVZr,0
1533,MnTaWZr,0
1534,MnTiVW,2
1535,MnTiVZr,0
1536,MnTiWZr,0
1537,MnVWZr,0
1538,MoNbNiV,0
1539,MoNbReTa,2
1540,MoNbReTi,2
1541,MoNbReV,2
1542,MoNbReW,2
1543,MoNbReZr,2
1544,MoNbTaTi,2
1545,MoNbTaV,2
1546,MoNbTaW,2
1547,MoNbTaZr,2
1548,MoNbTiV,2
1549,MoNbTiW,2
1550,MoNbTiZr,2
1551,MoNbVW,2
1552,MoNbVZr,2
1553,MoNbWZr,0
1554,MoNiOsPd,0
1555,MoNiOsPt,0
1556,MoNiPdPt,1
1557,MoNiPdRe,0
1558,MoNiPdRh,1
1559,MoNiPdRu,0
1560,MoNiPtRe,0
1561,MoNiPtRh,1
1562,MoNiPtRu,0
1563,MoNiReV,0
1564,MoOsPdPt,0
1565,MoOsPdRe,0
1566,MoOsPdRh,0
1567,MoOsPdRu,0
1568,MoOsPtRe,0
1569,MoOsPtRh,1
1570,MoOsPtRu,0
1571,MoPdPtRe,0
1572,MoPdPtRh,1
1573,MoPdPtRu,0
1574,MoPdReRh,0
1575,MoPdReRu,0
1576,MoPdRhRu,0
1577,MoPtReRh,0
1578,MoPtReRu,0
1579,MoPtRhRu,1
1580,MoReTaTi,2
1581,MoReTaV,2
1582,MoReTaW,2
1583,MoReTaZr,0
1584,MoReTiV,2
1585,MoReTiW,2
1586,MoReTiZr,2
1587,MoReVW,2
1588,MoReVZr,0
1589,MoReWZr,2
1590,MoTaTiV,2
1591,MoTaTiW,2
1592,MoTaTiZr,2
1593,MoTaVW,2
1594,MoTaVZr,0
1595,MoTaWZr,0
1596,MoTiVW,2
1597,MoTiVZr,2
1598,MoTiWZr,2
1599,MoVWZr,2
1600,NbPdPtRh,0
1601,NbPdRhRu,0
1602,NbPtRhRu,0
1603,NbReTaTi,2
1604,NbReTaV,2
1605,NbReTaW,2
1606,NbReTaZr,2
1607,NbReTiV,2
1608,NbReTiW,2
1609,NbReTiZr,2
1610,NbReVW,2
1611,NbReVZr,0
1612,NbReWZr,2
1613,NbTaTiV,2
1614,NbTaTiW,2
1615,NbTaTiZr,2
1616,NbTaVW,2
1617,NbTaVZr,2
1618,NbTaWZr,2
1619,NbTiVW,2
1620,NbTiVZr,2
1621,NbTiWZr,2
1622,NbVWZr,2
1623,NiOsPdPt,0
1624,NiOsPdRe,0
1625,NiOsPdRh,0
1626,NiOsPdRu,0
1627,NiOsPtRe,0
1628,NiOsPtRh,0
1629,NiOsPtRu,0
1630,NiPdPtRe,0
1631,NiPdPtRh,1
1632,NiPdPtRu,1
1633,NiPdReRh,0
1634,NiPdReRu,0
1635,NiPdRhRu,0
1636,NiPtReRh,0
1637,NiPtReRu,0
1638,NiPtRhRu,1
1639,OsPdPtRe,1
1640,OsPdPtRh,1
1641,OsPdPtRu,0
1642,OsPdReRh,1
1643,OsPdReRu,0
1644,OsPdRhRu,0
1645,OsPtReRh,1
1646,OsPtReRu,1
1647,OsPtRhRu,1
1648,PdPtReRh,1
1649,PdPtReRu,1
1650,PdPtRhRu,1
1651,PdReRhRu,0
1652,PtReRhRu,1
1653,ReTaTiV,2
1654,ReTaTiW,2
1655,ReTaTiZr,0
1656,ReTaVW,2
1657,ReTaVZr,0
1658,ReTaWZr,2
1659,ReTiVW,2
1660,ReTiVZr,0
1661,ReTiWZr,2
1662,ReVWZr,0
1663,TaTiVW,2
1664,TaTiVZr,2
1665,TaTiWZr,2
1666,TaVWZr,2
1667,TiVWZr,2
1668,AlCrMoTiW,2
1669,CoCrFeMnNi,1
1670,CrNbTaVW,2
1671,CrNbTaVZr,0
1672,CrNbTaWZr,0
1673,CrHfMoNbTa,2
1674,CrHfMoNbTi,2
1675,CrHfMoNbV,2
1676,CrHfMoNbW,0
1677,CrHfMoNbZr,2
1678,CrHfMoTaTi,2
1679,CrHfMoTaV,0
1680,CrHfMoTaW,0
1681,CrHfMoTaZr,0
1682,CrHfMoTiV,2
1683,CrHfMoTiW,2
1684,CrHfMoTiZr,0
1685,CrHfMoVW,2
1686,CrHfMoVZr,2
1687,CrHfMoWZr,0
1688,CrHfNbTaTi,2
1689,CrHfNbTaV,0
1690,CrHfNbTaW,0
1691,CrHfNbTaZr,2
1692,CrHfNbTiV,2
1693,CrHfNbTiW,2
1694,CrHfNbTiZr,2
1695,CrHfNbVW,0
1696,CrHfNbVZr,2
1697,CrHfNbWZr,0
1698,CrHfTaTiV,2
1699,CrHfTaTiW,2
1700,CrHfTaTiZr,0
1701,CrHfTaVW,0
1702,CrHfTaVZr,2
1703,CrHfTaWZr,0
1704,CrHfTiVW,2
1705,CrHfTiVZr,2
1706,CrHfTiWZr,0
1707,CrHfVWZr,0
1708,CrMoNbTaTi,2
1709,CrMoNbTaV,2
1710,CrMoNbTaW,2
1711,CrMoNbTaZr,0
1712,CrMoNbTiV,2
1713,CrMoNbTiW,2
1714,CrMoNbTiZr,2
1715,CrMoNbVW,2
1716,CrMoNbVZr,2
1717,CrMoNbWZr,0
1718,CrMoTaTiV,2
1719,CrMoTaTiW,2
1720,CrMoTaTiZr,0
1721,CrMoTaVW,2
1722,CrMoTaVZr,0
1723,CrMoTaWZr,0
1724,CrMoTiVW,2
1725,CrMoTiVZr,2
1726,CrMoTiWZr,0
1727,CrMoVWZr,0
1728,CrNbTaTiV,2
1729,CrNbTaTiW,2
1730,CrNbTaTiZr,0
1731,CrNbTiVW,2
1732,CrNbTiVZr,0
1733,CrNbTiWZr,0
1734,CrNbVWZr,0
1735,CrTaTiVW,2
1736,CrTaTiVZr,0
1737,CrTaTiWZr,0
1738,CrTaVWZr,0
1739,CrTiVWZr,0
1740,HfMoNbTaTi,2
1741,HfMoNbTaV,2
1742,HfMoNbTaW,2
1743,HfMoNbTaZr,2
1744,HfMoNbTiV,2
1745,HfMoNbTiW,2
1746,HfMoNbTiZr,2
1747,HfMoNbVW,2
1748,HfMoNbVZr,2
1749,HfMoNbWZr,0
1750,HfMoTaTiV,2
1751,HfMoTaTiW,2
1752,HfMoTaTiZr,2
1753,HfMoTaVW,2
1754,HfMoTaVZr,2
1755,HfMoTaWZr,0
1756,HfMoTiVW,2
1757,HfMoTiVZr,2
1758,HfMoTiWZr,2
1759,HfMoVWZr,0
1760,HfNbTaTiV,2
1761,HfNbTaTiW,2
1762,HfNbTaTiZr,2
1763,HfNbTaVW,2
1764,HfNbTaVZr,2
1765,HfNbTaWZr,2
1766,HfNbTiVW,2
1767,HfNbTiVZr,2
1768,HfNbTiWZr,2
1769,HfNbVWZr,2
1770,HfTaTiVW,2
1771,HfTaTiVZr,2
1772,HfTaTiWZr,2
1773,HfTaVWZr,2
1774,HfTiVWZr,2
1775,MoNbReTaW,2
1776,MoNbTaTiV,2
1777,MoNbTaTiW,2
1778,MoNbTaTiZr,2
1779,MoNbTaVW,2
1780,MoNbTaVZr,2
1781,MoNbTaWZr,0
1782,MoNbTiVW,2
1783,MoNbTiVZr,2
1784,MoNbTiWZr,2
1785,MoNbVWZr,2
1786,MoTaTiVW,2
1787,MoTaTiVZr,2
1788,MoTaTiWZr,0
1789,MoTaVWZr,2
1790,MoTiVWZr,0
1791,NbReTaTiV,2
1792,NbTaTiVW,2
1793,NbTaTiVZr,2
1794,NbTaTiWZr,2
1795,NbTaVWZr,0
1796,NbTiVWZr,2
1797,TaTiVWZr,2
